local_authority_area,2008_cases_total,,2013_cases_total,,2018_cases_total,,2018-2008_rate_of_fatness,2008_pop_total,2013_pop_total,2018_pop_total,change_in_pop,2008_cases_male,2013_cases_male,2018_cases_male,change_in_case,2008_pop_male,2013_pop_male,2018_pop_male,2008_cases_female,2013_cases_female,2018_cases_female,2008_pop_female,2013_pop_female,2018_pop_female,total_budget,clean_air,clean_air_change,clean_environ,clean_environ_change,health_training,health_training_change,school_awareness,school_awareness_change,media_awareness,media_awareness_change,sub_counselling,sub_counselling_change,region,region_divide,local_authority_type
Kent,3356,0.24%,3703,0.24%,4063,0.25%,0.01%,1411380,1528154,1623387,212007,1398,1569,1621,223,694681,754646,790860,1958,2134,2442,716699,773508,832527,1170000,278000,23.76%,333000,28.46%,84000,7.18%,291000,24.87%,121000,10.34%,63000,5.38%,South East,South,non_metropolitan_county
Hampshire,2946,0.23%,3247,0.23%,3536,0.24%,0.01%,1292464,1398789,1457991,165527,1065,1079,1256,191,631498,647773,720391,1881,2168,2280,660966,751016,737600,1120000,187000,16.70%,253000,22.59%,122000,10.89%,266000,23.75%,203000,18.13%,89000,7.95%,South East,South,non_metropolitan_county
Essex,2749,0.20%,2889,0.20%,3218,0.21%,0.01%,1397082,1470524,1541363,144281,1063,1133,1244,181,690717,725011,754208,1686,1756,1974,706365,745513,787155,1070000,297000,27.76%,270000,25.23%,47000,4.39%,284000,26.54%,75000,7.01%,97000,9.07%,East of England,South,non_metropolitan_county
Surrey,1720,0.16%,1712,0.16%,1886,0.16%,0.00%,1108301,1097895,1201060,92759,583,596,614,31,551491,556618,588827,1137,1116,1272,556810,541277,612233,1010000,219000,21.68%,254000,25.15%,49000,4.85%,340000,33.66%,103000,10.20%,45000,4.46%,South East,South,non_metropolitan_county
Hertfordshire,3456,0.32%,3589,0.33%,3870,0.33%,0.01%,1091385,1101241,1175458,84073,1307,1178,1343,36,535215,520960,552134,2149,2411,2527,556170,580281,623324,890000,239000,26.85%,246000,27.64%,102000,11.46%,180000,20.22%,43000,4.83%,80000,8.99%,East of England,South,non_metropolitan_county
Birmingham,3207,0.31%,3621,0.33%,3927,0.36%,0.05%,1026238,1083189,1086463,60225,838,823,870,32,500086,481466,469046,2369,2798,3057,526152,601723,617417,831000,64000,7.70%,272000,32.73%,130000,15.64%,126000,15.16%,140000,16.85%,99000,11.91%,West Midlands,North,metropolitan_borough
Lancashire,4199,0.36%,4419,0.37%,5032,0.40%,0.04%,1173146,1208809,1267187,94041,1582,1699,1907,325,582467,616044,623507,2617,2720,3125,590679,592765,643680,800000,180000,22.50%,292000,36.50%,41000,5.13%,163000,20.38%,33000,4.13%,91000,11.38%,North West,North,non_metropolitan_county
West Sussex,2360,0.30%,2491,0.29%,2757,0.31%,0.01%,794046,848562,903816,109770,824,907,969,145,384001,421850,448651,1536,1584,1788,410045,426712,455165,700000,175000,25.00%,227000,32.43%,63000,9.00%,69000,9.86%,95000,13.57%,71000,10.14%,South East,South,non_metropolitan_county
Norfolk,2483,0.29%,2917,0.31%,3058,0.31%,0.02%,853151,953390,971906,118755,829,1000,1093,264,417361,461507,490978,1654,1917,1965,435790,491883,480928,619000,142000,22.94%,139000,22.46%,98000,15.83%,112000,18.09%,87000,14.05%,41000,6.62%,East of England,South,non_metropolitan_county
Northamptonshire,3050,0.45%,3213,0.45%,3501,0.47%,0.02%,683890,716111,751413,67523,1078,1114,1213,135,336405,352108,363837,1972,2099,2288,347485,364003,387576,590000,234000,39.66%,79000,13.39%,87000,14.75%,34000,5.76%,71000,12.03%,85000,14.41%,East Midlands,North,non_metropolitan_county
Devon,1428,0.19%,1536,0.19%,1789,0.21%,0.02%,751957,814287,865781,113824,499,565,651,152,369136,410872,442047,929,971,1138,382821,403415,423734,580000,76000,13.10%,86000,14.83%,88000,15.17%,178000,30.69%,102000,17.59%,50000,8.62%,South West,South,non_metropolitan_county
Derbyshire,3691,0.48%,3905,0.50%,4222,0.50%,0.02%,763335,787700,842279,78944,1162,1206,1345,183,372584,379088,426044,2529,2699,2877,390751,408612,416235,580000,157000,27.07%,112000,19.31%,38000,6.55%,134000,23.10%,78000,13.45%,61000,10.52%,East Midlands,North,non_metropolitan_county
Staffordshire,4044,0.49%,4357,0.49%,4762,0.51%,0.02%,832711,890897,938497,105786,1352,1469,1668,316,402283,438324,471250,2692,2888,3094,430428,452573,467247,561000,158000,28.16%,173000,30.84%,35000,6.24%,99000,17.65%,60000,10.70%,36000,6.42%,West Midlands,North,non_metropolitan_county
Oxfordshire,987,0.15%,1014,0.16%,1293,0.19%,0.04%,639889,641446,696312,56423,305,310,402,97,308043,304690,336128,682,704,891,331846,336756,360184,559000,100000,17.89%,254000,45.44%,61000,10.91%,3000,0.54%,107000,19.14%,34000,6.08%,South East,South,non_metropolitan_county
Suffolk,2436,0.34%,2508,0.33%,2804,0.35%,0.01%,715507,751845,808963,93456,841,989,1033,192,349024,394758,410409,1595,1519,1771,366483,357087,398554,559000,167000,29.87%,113000,20.21%,41000,7.33%,142000,25.40%,43000,7.69%,53000,9.48%,East of England,South,non_metropolitan_county
Cambridgeshire,1553,0.26%,1469,0.25%,1714,0.26%,0.00%,604748,595586,665961,61213,623,591,678,55,293303,290190,324931,930,878,1036,311445,305396,341030,551000,149000,27.04%,10000,1.81%,84000,15.25%,214000,38.84%,63000,11.43%,31000,5.63%,East of England,South,non_metropolitan_county
Leeds,1751,0.22%,1891,0.25%,2014,0.27%,0.05%,784682,770522,751399,-33283,629,616,662,33,384180,354299,345700,1122,1275,1352,400502,416223,405699,550000,119000,21.64%,172000,31.27%,22000,4.00%,163000,29.64%,63000,11.45%,11000,2.00%,Yorkshire and the Humber,North,metropolitan_borough
Nottinghamshire,5065,0.65%,5582,0.65%,5745,0.66%,0.01%,778640,862292,870182,91542,1762,2065,2000,238,379743,442717,431134,3303,3517,3745,398897,419575,439048,529000,134000,25.33%,126000,23.82%,70000,13.23%,166000,31.38%,13000,2.46%,20000,3.78%,East Midlands,North,non_metropolitan_county
Lincolnshire,2015,0.29%,2162,0.29%,2431,0.30%,0.01%,700404,758073,815848,115444,700,736,872,172,344038,366415,410078,1315,1426,1559,356366,391658,405770,491000,117000,23.83%,61000,12.42%,45000,9.16%,151000,30.75%,77000,15.68%,40000,8.15%,East Midlands,North,non_metropolitan_county
North Yorkshire,2117,0.35%,2339,0.36%,2607,0.39%,0.04%,597599,649891,676178,78579,779,897,1039,260,291330,326918,345749,1338,1442,1568,306269,322973,330429,489000,57000,11.66%,141000,28.83%,11000,2.25%,109000,22.29%,108000,22.09%,63000,12.88%,Yorkshire and the Humber,North,non_metropolitan_county
Worcestershire,2718,0.49%,3061,0.51%,3237,0.51%,0.02%,559135,605974,636832,77697,978,1068,1204,226,271013,289438,318871,1740,1993,2033,288122,316536,317961,470000,128000,27.23%,112000,23.83%,57000,12.13%,76000,16.17%,67000,14.26%,30000,6.38%,West Midlands,North,non_metropolitan_county
Leicestershire,2160,0.33%,2423,0.34%,2620,0.36%,0.03%,645930,703305,727710,81780,754,903,898,144,314439,360492,358847,1406,1520,1722,331491,342813,368863,459000,122000,26.58%,28000,6.10%,67000,14.60%,139000,30.28%,26000,5.66%,77000,16.78%,East Midlands,North,non_metropolitan_county
Gloucestershire,1118,0.19%,1253,0.20%,1461,0.22%,0.03%,590248,640321,679014,88766,487,557,647,160,287746,315179,332820,631,696,814,302502,325142,346194,459000,49000,10.68%,93000,20.26%,20000,4.36%,139000,30.28%,115000,25.05%,43000,9.37%,South West,South,non_metropolitan_county
East Sussex,1533,0.30%,1713,0.30%,1938,0.32%,0.02%,514630,565376,604630,90000,562,676,705,143,250625,295226,302716,971,1037,1233,264005,270150,301914,449000,94000,20.94%,79000,17.59%,54000,12.03%,110000,24.50%,84000,18.71%,28000,6.24%,South East,South,non_metropolitan_county
Bradford,2428,0.48%,2542,0.50%,2688,0.53%,0.05%,504863,504141,510879,6016,804,762,839,35,248039,234698,238497,1624,1780,1849,256824,269443,272382,449000,96000,21.38%,147000,32.74%,18000,4.01%,118000,26.28%,48000,10.69%,22000,4.90%,Yorkshire and the Humber,North,metropolitan_borough
Warwickshire,2553,0.48%,2738,0.49%,2932,0.49%,0.01%,536882,559262,598628,61746,872,1001,1035,163,258777,286328,296972,1681,1737,1897,278105,272934,301656,440000,85000,19.32%,149000,33.86%,53000,12.05%,64000,14.55%,48000,10.91%,41000,9.32%,West Midlands,North,non_metropolitan_county
Manchester,1778,0.37%,1845,0.39%,1870,0.41%,0.04%,476468,468012,456648,-19820,636,639,569,-67,234518,220737,194804,1142,1206,1301,241950,247275,261844,439000,149000,33.94%,69000,15.72%,55000,12.53%,107000,24.37%,28000,6.38%,31000,7.06%,North West,North,metropolitan_borough
Somerset,1644,0.31%,1823,0.33%,1927,0.33%,0.02%,527820,546360,583966,56146,479,519,586,107,255940,259669,303940,1165,1304,1341,271880,286691,280026,439000,131000,29.84%,104000,23.69%,36000,8.20%,60000,13.67%,61000,13.90%,47000,10.71%,South West,South,non_metropolitan_county
Sheffield,1229,0.23%,1457,0.25%,1562,0.27%,0.04%,543528,589713,578839,35311,369,444,454,85,261654,282697,269517,860,1013,1108,281874,307016,309322,430000,130000,30.23%,131000,30.47%,20000,4.65%,83000,19.30%,27000,6.28%,39000,9.07%,Yorkshire and the Humber,North,metropolitan_borough
Durham,837,0.16%,951,0.18%,1151,0.21%,0.05%,508487,539641,561197,52710,340,373,467,127,250837,263464,275832,497,578,684,257650,276177,285365,411000,108000,26.28%,65000,15.82%,23000,5.60%,130000,31.63%,57000,13.87%,28000,6.81%,North East,North,unitary_authority
Cornwall,3002,0.56%,3299,0.58%,3557,0.59%,0.03%,532854,571165,598530,65676,933,1118,1187,254,260459,293692,309726,2069,2181,2370,272395,277473,288804,411000,139000,33.82%,145000,35.28%,10000,2.43%,20000,4.87%,63000,15.33%,34000,8.27%,South West,South,unitary_authority
Wiltshire,1372,0.30%,1474,0.30%,1516,0.29%,-0.01%,457236,493515,522318,65082,472,520,521,49,226835,248809,264246,900,954,995,230401,244706,258072,380000,11000,2.89%,158000,41.58%,11000,2.89%,125000,32.89%,29000,7.63%,46000,12.11%,South West,South,unitary_authority
Bristol,1944,0.45%,2008,0.46%,2173,0.48%,0.03%,429043,432895,448375,19332,609,520,611,2,207700,186052,190155,1335,1488,1562,221343,246843,258220,370000,73000,19.73%,102000,27.57%,37000,10.00%,78000,21.08%,63000,17.03%,17000,4.59%,South West,South,unitary_authority
Buckinghamshire,1039,0.21%,1090,0.21%,1299,0.24%,0.03%,494894,513160,545451,50557,404,388,469,65,242201,238001,264262,635,702,830,252693,275159,281189,349000,47000,13.47%,154000,44.13%,61000,17.48%,31000,8.88%,42000,12.03%,14000,4.01%,South East,South,non_metropolitan_county
Cumbria,1240,0.25%,1325,0.26%,1472,0.27%,0.02%,499325,517343,540101,40776,399,440,510,111,244120,263234,282272,841,885,962,255205,254109,257829,340000,81000,23.82%,64000,18.82%,54000,15.88%,81000,23.82%,29000,8.53%,31000,9.12%,North West,North,non_metropolitan_county
Kirklees,1504,0.37%,1777,0.40%,1854,0.42%,0.05%,406387,447296,445712,39325,429,487,529,100,199861,218228,214157,1075,1290,1325,206526,229068,231555,330000,19000,5.76%,136000,41.21%,51000,15.45%,69000,20.91%,34000,10.30%,21000,6.36%,Yorkshire and the Humber,North,metropolitan_borough
Liverpool,1372,0.31%,1601,0.35%,1812,0.38%,0.07%,444146,463932,478103,33957,535,565,654,119,215944,201148,214481,837,1036,1158,228202,262784,263622,310000,91000,29.35%,44000,14.19%,37000,11.94%,60000,19.35%,66000,21.29%,12000,3.87%,North West,North,metropolitan_borough
Dorset,1118,0.27%,1258,0.29%,1524,0.30%,0.03%,408602,439944,505184,96582,448,511,595,147,202544,221786,261782,670,747,929,206058,218158,243402,310000,70000,22.58%,58000,18.71%,18000,5.81%,77000,24.84%,50000,16.13%,37000,11.94%,South West,South,non_metropolitan_county
Cheshire East,1308,0.36%,1469,0.37%,1622,0.41%,0.05%,364701,392367,397334,32633,426,542,600,174,178193,201756,204317,882,927,1022,186508,190611,193017,299000,70000,23.41%,68000,22.74%,24000,8.03%,57000,19.06%,52000,17.39%,28000,9.36%,North West,North,unitary_authority
Bromley,611,0.20%,737,0.23%,935,0.28%,0.08%,310127,321687,336824,26697,178,159,260,82,153234,148378,154644,433,578,675,156893,173309,182180,290000,32000,11.03%,80000,27.59%,22000,7.59%,63000,21.72%,59000,20.34%,34000,11.72%,London,South,london_borough
Cheshire West and Chester,1191,0.36%,1222,0.38%,1486,0.42%,0.06%,328251,324078,354454,26203,357,356,479,122,159333,155573,177874,834,866,1007,168918,168505,176580,281000,98000,34.88%,19000,6.76%,22000,7.83%,75000,26.69%,55000,19.57%,12000,4.27%,North West,North,unitary_authority
East Riding of Yorkshire,976,0.29%,1036,0.30%,1162,0.31%,0.02%,338421,343909,374556,36135,346,420,425,79,167518,181413,194309,630,616,737,170903,162496,180247,269000,89000,33.09%,39000,14.50%,5000,1.86%,79000,29.37%,20000,7.43%,37000,13.75%,Yorkshire and the Humber,North,unitary_authority
Lambeth,845,0.30%,839,0.31%,992,0.37%,0.07%,283343,268978,264816,-18527,274,257,237,-37,138583,124895,101791,571,582,755,144760,144083,163025,260000,58000,22.31%,111000,42.69%,32000,12.31%,16000,6.15%,15000,5.77%,28000,10.77%,London,South,london_borough
Wigan,2017,0.66%,2251,0.66%,2415,0.71%,0.05%,307509,342059,339861,32352,844,938,978,134,151479,167770,167003,1173,1313,1437,156030,174289,172858,260000,75000,28.85%,64000,24.62%,26000,10.00%,49000,18.85%,31000,11.92%,15000,5.77%,North West,North,metropolitan_borough
Dudley,1556,0.50%,1701,0.52%,1847,0.56%,0.06%,308415,326722,330357,21942,385,434,455,70,153313,166273,163646,1171,1267,1392,155102,160449,166711,260000,52000,20.00%,65000,25.00%,23000,8.85%,52000,20.00%,53000,20.38%,15000,5.77%,West Midlands,North,metropolitan_borough
Sunderland,659,0.23%,767,0.26%,805,0.27%,0.04%,282840,290910,298132,15292,215,253,281,66,138818,137506,142810,444,514,524,144022,153404,155322,260000,68000,26.15%,73000,28.08%,5000,1.92%,63000,24.23%,32000,12.31%,19000,7.31%,North East,North,metropolitan_borough
Sandwell,858,0.30%,920,0.30%,1055,0.33%,0.03%,290694,302347,323230,32536,279,279,292,13,145085,148903,150053,579,641,763,145609,153444,173177,250000,51000,20.40%,86000,34.40%,35000,14.00%,42000,16.80%,19000,7.60%,17000,6.80%,West Midlands,North,metropolitan_borough
Ealing,1156,0.37%,1258,0.40%,1359,0.44%,0.07%,314255,315880,306754,-7501,422,461,461,39,153042,148034,140954,734,797,898,161213,167846,165800,250000,48000,19.20%,78000,31.20%,24000,9.60%,54000,21.60%,26000,10.40%,20000,8.00%,London,South,london_borough
Enfield,658,0.23%,696,0.25%,880,0.29%,0.06%,290996,282047,300205,9209,249,257,302,53,145120,136309,135599,409,439,578,145876,145738,164606,249000,63000,25.30%,68000,27.31%,17000,6.83%,57000,22.89%,28000,11.24%,16000,6.43%,London,South,london_borough
Leicester,988,0.32%,967,0.33%,1075,0.35%,0.03%,305898,295864,306820,922,307,287,305,-2,147565,138934,139503,681,680,770,158333,156930,167317,241000,63000,26.14%,95000,39.42%,14000,5.81%,34000,14.11%,15000,6.22%,20000,8.30%,East Midlands,North,unitary_authority
Northumberland,1011,0.32%,1082,0.33%,1286,0.37%,0.05%,313047,327534,351792,38745,344,435,482,138,154113,166259,179122,667,647,804,158934,161275,172670,240000,65000,27.08%,65000,27.08%,21000,8.75%,40000,16.67%,26000,10.83%,23000,9.58%,North East,North,unitary_authority
Wakefield,1729,0.53%,1840,0.54%,2067,0.58%,0.05%,325029,341459,358377,33348,495,554,597,102,158029,177445,175756,1234,1286,1470,167000,164014,182621,240000,19000,7.92%,105000,43.75%,18000,7.50%,56000,23.33%,15000,6.25%,27000,11.25%,Yorkshire and the Humber,North,metropolitan_borough
Coventry,1565,0.50%,1806,0.54%,1740,0.54%,0.04%,312644,331913,320263,7619,574,645,557,-17,153977,160367,147359,991,1161,1183,158667,171546,172904,240000,17000,7.08%,94000,39.17%,15000,6.25%,51000,21.25%,47000,19.58%,16000,6.67%,West Midlands,North,metropolitan_borough
Brent,933,0.36%,1074,0.39%,1209,0.41%,0.05%,256258,274867,294183,37925,321,389,421,100,123773,136295,136029,612,685,788,132485,138572,158154,239000,42000,17.57%,72000,30.13%,22000,9.21%,48000,20.08%,39000,16.32%,16000,6.69%,London,South,london_borough
Shropshire,1091,0.37%,1171,0.38%,1406,0.40%,0.03%,292707,311424,353334,60627,383,423,522,139,143163,156474,181483,708,748,884,149544,154950,171851,231000,25000,10.82%,83000,35.93%,26000,11.26%,38000,16.45%,48000,20.78%,11000,4.76%,West Midlands,North,unitary_authority
Croydon,685,0.20%,782,0.22%,1005,0.27%,0.07%,343556,354141,374614,31058,223,238,317,94,169201,167813,167602,462,544,688,174355,186328,207012,230000,47000,20.43%,27000,11.74%,28000,12.17%,78000,33.91%,21000,9.13%,29000,12.61%,London,South,london_borough
Brighton and Hove,592,0.23%,571,0.23%,609,0.23%,0.00%,255553,251843,261359,5806,235,234,216,-19,125681,129141,124766,357,337,393,129872,122702,136593,230000,58000,25.22%,67000,29.13%,15000,6.52%,38000,16.52%,31000,13.48%,21000,9.13%,South East,South,unitary_authority
Nottingham,2098,0.70%,2226,0.72%,2080,0.71%,0.01%,298648,310011,292387,-6261,731,692,599,-132,149324,146798,128704,1367,1534,1481,149324,163213,163683,221000,45000,20.36%,42000,19.00%,23000,10.41%,82000,37.10%,22000,9.95%,7000,3.17%,East Midlands,North,unitary_authority
Southwark,922,0.32%,931,0.35%,1095,0.40%,0.08%,284954,267480,270403,-14551,299,282,302,3,137918,123629,107593,623,649,793,147036,143851,162810,221000,24000,10.86%,57000,25.79%,21000,9.50%,64000,28.96%,32000,14.48%,23000,10.41%,London,South,london_borough
Sefton,723,0.26%,807,0.27%,909,0.31%,0.05%,276094,298913,297041,20947,271,328,378,107,136059,151601,148441,452,479,531,140035,147312,148600,220000,73000,33.18%,62000,28.18%,24000,10.91%,30000,13.64%,14000,6.36%,17000,7.73%,North West,North,metropolitan_borough
Barnet,539,0.16%,594,0.17%,773,0.22%,0.06%,340435,344062,355955,15520,212,204,292,80,169060,161533,161769,327,390,481,171375,182529,194186,220000,50000,22.73%,17000,7.73%,23000,10.45%,74000,33.64%,30000,13.64%,26000,11.82%,London,South,london_borough
Newcastle upon Tyne,483,0.17%,491,0.18%,580,0.21%,0.04%,279718,270928,280311,593,177,171,193,16,138544,126093,125862,306,320,387,141174,144835,154449,220000,14000,6.36%,26000,11.82%,20000,9.09%,112000,50.91%,27000,12.27%,21000,9.55%,North East,North,metropolitan_borough
Stockport,1449,0.51%,1566,0.52%,1700,0.56%,0.05%,284451,301815,305303,20852,579,626,678,99,139210,148567,148638,870,940,1022,145241,153248,156665,220000,43000,19.55%,46000,20.91%,20000,9.09%,65000,29.55%,29000,13.18%,17000,7.73%,North West,North,metropolitan_borough
Havering,661,0.28%,750,0.29%,854,0.33%,0.05%,233904,258435,260498,26594,241,277,307,66,113373,122292,120303,420,473,547,120531,136143,140195,211000,45000,21.33%,38000,18.01%,32000,15.17%,72000,34.12%,16000,7.58%,8000,3.79%,London,South,london_borough
Milton Keynes,839,0.36%,869,0.35%,867,0.34%,-0.02%,234508,246600,252016,17508,314,327,295,-19,114628,117924,117803,525,542,572,119880,128676,134213,210000,29000,13.81%,53000,25.24%,23000,10.95%,77000,36.67%,9000,4.29%,19000,9.05%,South East,South,unitary_authority
Tower Hamlets,569,0.25%,505,0.26%,605,0.32%,0.07%,228366,193835,187282,-41084,191,159,199,8,110483,92800,89013,378,346,406,117883,101035,98269,210000,36000,17.14%,70000,33.33%,21000,10.00%,44000,20.95%,21000,10.00%,18000,8.57%,London,South,london_borough
Rotherham,908,0.36%,996,0.38%,1028,0.37%,0.01%,254646,260876,276075,21429,277,332,338,61,122765,126938,135342,631,664,690,131881,133938,140733,210000,57000,27.14%,64000,30.48%,19000,9.05%,43000,20.48%,19000,9.05%,8000,3.81%,Yorkshire and the Humber,North,metropolitan_borough
South Gloucestershire,1151,0.44%,1310,0.45%,1331,0.46%,0.02%,262198,288466,290954,28756,332,344,342,10,129237,136040,141353,819,966,989,132961,152426,149601,210000,31000,14.76%,81000,38.57%,18000,8.57%,42000,20.00%,27000,12.86%,11000,5.24%,South West,South,unitary_authority
Wirral,2560,0.82%,2652,0.85%,2987,0.87%,0.05%,310630,312142,342200,31570,965,1044,1103,138,153296,152969,167467,1595,1608,1884,157334,159173,174733,209000,69000,33.01%,47000,22.49%,30000,14.35%,41000,19.62%,14000,6.70%,8000,3.83%,North West,North,metropolitan_borough
Hillingdon,602,0.23%,711,0.27%,812,0.28%,0.05%,259882,260998,292941,33059,204,241,266,62,124951,119047,132039,398,470,546,134931,141951,160902,209000,50000,23.92%,61000,29.19%,18000,8.61%,62000,29.67%,9000,4.31%,9000,4.31%,London,South,london_borough
Plymouth,706,0.27%,752,0.30%,761,0.29%,0.02%,257365,253227,264370,7005,274,284,316,42,125285,121218,127746,432,468,445,132080,132009,136624,209000,31000,14.83%,56000,26.79%,7000,3.35%,57000,27.27%,39000,18.66%,19000,9.09%,South West,South,unitary_authority
Wolverhampton,1442,0.60%,1571,0.62%,1728,0.65%,0.05%,239744,252117,264037,24293,416,433,492,76,116300,116700,123433,1026,1138,1236,123444,135417,140604,201000,18000,8.96%,27000,13.43%,23000,11.44%,55000,27.36%,50000,24.88%,28000,13.93%,West Midlands,North,metropolitan_borough
Bolton,505,0.19%,587,0.21%,686,0.24%,0.05%,265521,280005,285250,19729,225,234,288,63,131220,135642,138840,280,353,398,134301,144363,146410,201000,55000,27.36%,68000,33.83%,11000,5.47%,25000,12.44%,31000,15.42%,11000,5.47%,North West,North,metropolitan_borough
Walsall,1184,0.46%,1198,0.46%,1423,0.50%,0.04%,256862,260958,283346,26484,370,384,417,47,125683,123757,133996,814,814,1006,131179,137201,149350,201000,42000,20.90%,48000,23.88%,11000,5.47%,48000,23.88%,28000,13.93%,24000,11.94%,West Midlands,North,metropolitan_borough
Westminster,514,0.21%,548,0.23%,619,0.28%,0.07%,248303,239309,223971,-24332,212,212,251,39,122587,114633,103658,302,336,368,125716,124676,120313,200000,16000,8.00%,86000,43.00%,24000,12.00%,36000,18.00%,17000,8.50%,21000,10.50%,London,South,london_borough
Kingston upon Hull,575,0.22%,646,0.23%,676,0.25%,0.03%,262903,282770,270387,7484,163,162,158,-5,127087,135487,123761,412,484,518,135816,147283,146626,200000,23000,11.50%,50000,25.00%,23000,11.50%,63000,31.50%,26000,13.00%,15000,7.50%,Yorkshire and the Humber,North,unitary_authority
Newham,568,0.23%,669,0.28%,710,0.30%,0.07%,244074,241099,237261,-6813,192,210,206,14,119621,108593,111074,376,459,504,124453,132506,126187,200000,31000,15.50%,45000,22.50%,22000,11.00%,54000,27.00%,31000,15.50%,17000,8.50%,London,South,london_borough
Redbridge,575,0.22%,582,0.22%,774,0.28%,0.06%,265622,265694,274649,9027,209,215,262,53,132359,130903,124384,366,367,512,133263,134791,150265,200000,9000,4.50%,66000,33.00%,19000,9.50%,66000,33.00%,20000,10.00%,20000,10.00%,London,South,london_borough
Wandsworth,521,0.18%,475,0.19%,538,0.23%,0.05%,285659,248591,231351,-54308,221,198,180,-41,137259,113940,95213,300,277,358,148400,134651,136138,200000,43000,21.50%,30000,15.00%,17000,8.50%,59000,29.50%,32000,16.00%,19000,9.50%,London,South,london_borough
Doncaster,1073,0.37%,1202,0.39%,1323,0.41%,0.04%,291298,310134,325703,34405,273,354,355,82,141600,163764,160060,800,848,968,149698,146370,165643,200000,53000,26.50%,67000,33.50%,14000,7.00%,39000,19.50%,8000,4.00%,19000,9.50%,Yorkshire and the Humber,North,metropolitan_borough
Stoke on Trent,1164,0.48%,1226,0.47%,1273,0.49%,0.01%,240953,258299,262086,21133,347,347,370,23,119079,124861,126541,817,879,903,121874,133438,135545,200000,38000,19.00%,57000,28.50%,7000,3.50%,61000,30.50%,25000,12.50%,12000,6.00%,West Midlands,North,unitary_authority
Bexley,519,0.23%,601,0.25%,707,0.29%,0.06%,226554,242730,245880,19326,210,217,266,56,109743,115236,112259,309,384,441,116811,127494,133621,199000,72000,36.18%,27000,13.57%,14000,7.04%,64000,32.16%,15000,7.54%,7000,3.52%,London,South,london_borough
Southampton,1344,0.57%,1278,0.55%,1292,0.57%,0.00%,235717,232656,225346,-10371,500,495,439,-61,114936,118308,104156,844,783,853,120781,114348,121190,191000,27000,14.14%,35000,18.32%,25000,13.09%,66000,34.55%,25000,13.09%,13000,6.81%,South East,South,unitary_authority
Harrow,747,0.33%,834,0.36%,954,0.40%,0.07%,226957,234925,236948,9991,299,300,384,85,111549,110654,112364,448,534,570,115408,124271,124584,191000,43000,22.51%,36000,18.85%,4000,2.09%,62000,32.46%,17000,8.90%,29000,15.18%,London,South,london_borough
Medway,982,0.38%,1081,0.38%,1120,0.40%,0.02%,255251,283858,279620,24369,340,388,376,36,122623,139584,132628,642,693,744,132628,144274,146992,190000,49000,25.79%,33000,17.37%,10000,5.26%,51000,26.84%,33000,17.37%,14000,7.37%,South East,South,unitary_authority
Hounslow,486,0.21%,573,0.23%,618,0.26%,0.05%,231790,252492,240697,8907,202,228,269,67,112465,120963,111903,284,345,349,119325,131529,128794,190000,48000,25.26%,63000,33.16%,8000,4.21%,40000,21.05%,22000,11.58%,9000,4.74%,London,South,london_borough
Derby,1014,0.41%,1078,0.42%,1169,0.45%,0.04%,244879,257244,261350,16471,267,272,277,10,119256,118197,118675,747,806,892,125623,139047,142675,189000,81000,42.86%,48000,25.40%,7000,3.70%,24000,12.70%,13000,6.88%,16000,8.47%,East Midlands,North,unitary_authority
Salford,1469,0.65%,1442,0.66%,1618,0.69%,0.04%,224540,219980,234745,10205,546,530,554,8,110676,107129,110012,923,912,1064,113864,112851,124733,189000,39000,20.63%,32000,16.93%,1000,0.53%,72000,38.10%,26000,13.76%,19000,10.05%,North West,North,metropolitan_borough
Haringey,514,0.23%,604,0.26%,662,0.29%,0.06%,226856,230112,226315,-541,189,213,216,27,109798,106317,98261,325,391,446,117058,123795,128054,181000,37000,20.44%,29000,16.02%,13000,7.18%,35000,19.34%,52000,28.73%,15000,8.29%,London,South,london_borough
Central Bedfordshire,507,0.20%,604,0.22%,649,0.22%,0.02%,253539,275758,289823,36284,199,216,254,55,126060,133202,140076,308,388,395,127479,142556,149747,180000,35000,19.44%,36000,20.00%,31000,17.22%,27000,15.00%,24000,13.33%,27000,15.00%,East of England,South,unitary_authority
Lewisham,514,0.19%,556,0.20%,742,0.26%,0.07%,263809,274404,283014,19205,153,150,177,24,127182,123486,110434,361,406,565,136627,150918,172580,180000,26000,14.44%,55000,30.56%,30000,16.67%,44000,24.44%,6000,3.33%,19000,10.56%,London,South,london_borough
Warrington,450,0.23%,466,0.23%,577,0.26%,0.03%,197555,201921,219312,21757,205,214,282,77,97395,98351,106859,245,252,295,100160,103570,112453,180000,44000,24.44%,10000,5.56%,19000,10.56%,52000,28.89%,34000,18.89%,21000,11.67%,North West,North,unitary_authority
Oldham,680,0.31%,721,0.34%,844,0.38%,0.07%,219707,213764,224711,5004,291,300,352,61,107437,99406,106394,389,421,492,112270,114358,118317,180000,23000,12.78%,62000,34.44%,18000,10.00%,38000,21.11%,21000,11.67%,18000,10.00%,North West,North,metropolitan_borough
Camden,339,0.15%,330,0.16%,371,0.18%,0.03%,228064,210856,210127,-17937,141,136,135,-6,112800,101661,95456,198,194,236,115264,109195,114671,180000,50000,27.78%,21000,11.67%,16000,8.89%,66000,36.67%,12000,6.67%,15000,8.33%,London,South,london_borough
Waltham Forest,450,0.20%,531,0.23%,618,0.26%,0.06%,222929,230489,240449,17520,168,174,213,45,108968,104704,106795,282,357,405,113961,125785,133654,180000,39000,21.67%,32000,17.78%,12000,6.67%,55000,30.56%,26000,14.44%,16000,8.89%,London,South,london_borough
Greenwich,492,0.22%,645,0.25%,760,0.28%,0.06%,225245,254710,271934,46689,151,178,199,48,110640,113216,116730,341,467,561,114605,141494,155204,179000,48000,26.82%,63000,35.20%,6000,3.35%,41000,22.91%,10000,5.59%,11000,6.15%,London,South,london_borough
Tameside,556,0.26%,614,0.27%,742,0.32%,0.06%,215881,224197,231133,15252,238,295,310,72,107314,112174,112053,318,319,432,108567,112023,119080,171000,11000,6.43%,41000,23.98%,29000,16.96%,43000,25.15%,34000,19.88%,13000,7.60%,North West,North,metropolitan_borough
Hackney,916,0.43%,938,0.46%,1072,0.53%,0.10%,214270,205973,202667,-11603,275,275,262,-13,104864,93998,82260,641,663,810,109406,111975,120407,169000,27000,15.98%,45000,26.63%,20000,11.83%,43000,25.44%,22000,13.02%,12000,7.10%,London,South,london_borough
Portsmouth,586,0.29%,589,0.30%,639,0.32%,0.03%,200777,197457,202287,1510,198,192,221,23,98521,95982,94742,388,397,418,102256,101475,107545,162000,34000,20.99%,22000,13.58%,24000,14.81%,41000,25.31%,27000,16.67%,14000,8.64%,South East,South,unitary_authority
Bath and North East Somerset,456,0.26%,421,0.24%,494,0.26%,0.00%,178625,172975,189334,10709,157,129,156,-1,87026,84077,90890,299,292,338,91599,88898,98444,161000,33000,20.50%,42000,26.09%,19000,11.80%,50000,31.06%,10000,6.21%,7000,4.35%,South West,South,unitary_authority
North Somerset,773,0.37%,824,0.38%,833,0.38%,0.01%,208429,217790,218624,10195,221,270,262,41,102443,111927,114101,552,554,571,105986,105863,104523,160000,26000,16.25%,32000,20.00%,24000,15.00%,50000,31.25%,9000,5.63%,19000,11.88%,South West,South,unitary_authority
Sutton,298,0.16%,398,0.19%,440,0.22%,0.06%,190809,204374,202811,12002,114,152,158,44,92428,93455,93749,184,246,282,98381,110919,109062,160000,54000,33.75%,15000,9.38%,18000,11.25%,45000,28.13%,14000,8.75%,14000,8.75%,London,South,london_borough
Stockton on Tees,499,0.26%,575,0.28%,596,0.30%,0.04%,191111,203041,201723,10612,184,199,209,25,94485,93727,97231,315,376,387,96626,109314,104492,160000,39000,24.38%,40000,25.00%,16000,10.00%,38000,23.75%,18000,11.25%,9000,5.63%,North East,North,unitary_authority
Merton,332,0.16%,318,0.17%,412,0.23%,0.07%,204200,182584,178733,-25467,151,158,184,33,100426,83819,78619,181,160,228,103774,98765,100114,160000,38000,23.75%,55000,34.38%,8000,5.00%,30000,18.75%,23000,14.38%,6000,3.75%,London,South,london_borough
Barnsley,360,0.16%,451,0.18%,527,0.20%,0.04%,226755,244010,257883,31128,148,186,212,64,110384,117286,127055,212,265,315,116371,126724,130828,160000,41000,25.63%,45000,28.13%,5000,3.13%,26000,16.25%,29000,18.13%,14000,8.75%,Yorkshire and the Humber,North,metropolitan_borough
Swindon,612,0.31%,701,0.33%,732,0.33%,0.02%,197354,215037,223384,26030,202,205,231,29,98263,100030,107465,410,496,501,99091,115007,115919,150000,48000,32.00%,26000,17.33%,19000,12.67%,28000,18.67%,18000,12.00%,11000,7.33%,South West,South,unitary_authority
North Tyneside,619,0.31%,703,0.34%,771,0.35%,0.04%,197354,206800,218769,21415,221,254,280,59,95697,97691,105804,398,449,491,101657,109109,112965,150000,43000,28.67%,51000,34.00%,15000,10.00%,22000,14.67%,12000,8.00%,7000,4.67%,North East,North,metropolitan_borough
Trafford,735,0.34%,835,0.37%,889,0.38%,0.04%,215176,227792,234552,19376,276,305,345,69,104941,109459,111356,459,530,544,110235,118333,123196,150000,22000,14.67%,29000,19.33%,13000,8.67%,40000,26.67%,33000,22.00%,13000,8.67%,North West,North,metropolitan_borough
Calderdale,663,0.33%,680,0.33%,775,0.36%,0.03%,201482,208202,215250,13768,183,185,219,36,97195,100521,105710,480,495,556,104287,107681,109540,149000,46000,30.87%,29000,19.46%,18000,12.08%,34000,22.82%,14000,9.40%,8000,5.37%,Yorkshire and the Humber,North,metropolitan_borough
Solihull,601,0.29%,654,0.33%,647,0.30%,0.01%,205711,200858,214579,8868,144,134,166,22,103431,101721,108104,457,520,481,102280,99137,106475,149000,35000,23.49%,58000,38.93%,10000,6.71%,35000,23.49%,6000,4.03%,5000,3.36%,West Midlands,North,metropolitan_borough
West Berkshire,156,0.10%,172,0.11%,184,0.11%,0.01%,152446,151445,166368,13922,59,55,62,3,73982,73305,82728,97,117,122,78464,78140,83640,141000,6000,4.26%,37000,26.24%,21000,14.89%,45000,31.91%,16000,11.35%,16000,11.35%,South East,South,unitary_authority
North Lincolnshire,255,0.16%,285,0.17%,340,0.19%,0.03%,161608,166070,183030,21422,90,116,113,23,79253,86165,91962,165,169,227,82355,79905,91068,141000,34000,24.11%,37000,26.24%,17000,12.06%,34000,24.11%,8000,5.67%,11000,7.80%,Yorkshire and the Humber,North,unitary_authority
Bury,473,0.26%,486,0.25%,582,0.30%,0.04%,182854,192772,194161,11307,189,203,244,55,89946,91748,93390,284,283,338,92908,101024,100771,141000,25000,17.73%,32000,22.70%,6000,4.26%,46000,32.62%,17000,12.06%,15000,10.64%,North West,North,metropolitan_borough
Luton,494,0.26%,563,0.27%,547,0.28%,0.02%,191816,207151,198272,6456,164,197,175,11,93510,100747,90992,330,366,372,98306,106404,107280,140000,52000,37.14%,9000,6.43%,15000,10.71%,32000,22.86%,14000,10.00%,18000,12.86%,East of England,South,unitary_authority
Islington,509,0.27%,509,0.29%,580,0.34%,0.07%,189802,177883,171105,-18697,183,191,192,9,93591,84403,75678,326,318,388,96211,93480,95427,140000,34000,24.29%,45000,32.14%,13000,9.29%,27000,19.29%,19000,13.57%,2000,1.43%,London,South,london_borough
Rochdale,637,0.31%,675,0.33%,824,0.38%,0.07%,205812,206961,215208,9396,240,259,332,92,99243,100591,102472,397,416,492,106569,106370,112736,140000,32000,22.86%,20000,14.29%,11000,7.86%,43000,30.71%,20000,14.29%,14000,10.00%,North West,North,metropolitan_borough
York,1170,0.60%,1266,0.62%,1414,0.67%,0.07%,196246,202851,212083,15837,450,463,518,68,96239,94507,97416,720,803,896,100007,108344,114667,140000,5000,3.57%,39000,27.86%,8000,5.71%,32000,22.86%,37000,26.43%,19000,13.57%,Yorkshire and the Humber,North,unitary_authority
Barking and Dagenham,593,0.34%,619,0.35%,763,0.42%,0.08%,172684,179030,181779,9095,187,190,230,43,83890,81915,77983,406,429,533,88794,97115,103796,139000,21000,15.11%,22000,15.83%,18000,12.95%,41000,29.50%,18000,12.95%,19000,13.67%,London,South,london_borough
St Helens,565,0.32%,571,0.31%,642,0.34%,0.02%,177920,185185,191231,13311,226,216,269,43,87786,84404,94583,339,355,373,90134,100781,96648,139000,35000,25.18%,39000,28.06%,15000,10.79%,40000,28.78%,7000,5.04%,3000,2.16%,North West,North,metropolitan_borough
Kingston upon Thames,269,0.16%,271,0.17%,394,0.24%,0.08%,165737,163238,164622,-1115,105,93,139,34,80979,73361,71727,164,178,255,84758,89877,92895,139000,32000,23.02%,39000,28.06%,13000,9.35%,21000,15.11%,28000,20.14%,6000,4.32%,London,South,london_borough
Gateshead,418,0.22%,470,0.23%,623,0.29%,0.07%,191211,202469,216686,25475,112,148,191,79,94267,103105,103913,306,322,432,96944,99364,112773,131000,38000,29.01%,17000,12.98%,19000,14.50%,21000,16.03%,27000,20.61%,9000,6.87%,North East,North,metropolitan_borough
South Tyneside,244,0.16%,251,0.16%,310,0.19%,0.03%,152446,156559,159558,7112,83,84,105,22,74470,77767,77284,161,167,205,77976,78792,82274,130000,16000,12.31%,47000,36.15%,17000,13.08%,35000,26.92%,5000,3.85%,10000,7.69%,North East,North,metropolitan_borough
Bedford,311,0.20%,327,0.20%,367,0.22%,0.02%,158185,164807,170463,12278,138,145,156,18,75929,85074,82609,173,182,211,82256,79733,87854,130000,37000,28.46%,52000,40.00%,17000,13.08%,8000,6.15%,3000,2.31%,13000,10.00%,East of England,South,unitary_authority
Bournemouth,864,0.52%,918,0.51%,998,0.52%,0.00%,165737,179819,190307,24570,381,372,420,39,80648,84082,90513,483,546,578,85089,95737,99794,130000,31000,23.85%,30000,23.08%,17000,13.08%,39000,30.00%,7000,5.38%,6000,4.62%,South West,South,unitary_authority
Richmond upon Thames,217,0.12%,258,0.15%,357,0.19%,0.07%,188493,175272,186495,-1998,101,118,146,45,93191,83747,84215,116,140,211,95302,91525,102280,130000,24000,18.46%,39000,30.00%,16000,12.31%,29000,22.31%,12000,9.23%,10000,7.69%,London,South,london_borough
Peterborough,416,0.24%,440,0.23%,505,0.26%,0.02%,170973,189028,195373,24400,136,108,136,0,84717,88016,90337,280,332,369,86256,101012,105036,130000,18000,13.85%,53000,40.77%,11000,8.46%,22000,16.92%,19000,14.62%,7000,5.38%,East of England,South,unitary_authority
Kensington and Chelsea,298,0.17%,287,0.19%,386,0.25%,0.08%,172282,153718,151595,-20687,126,110,154,28,83884,72527,69749,172,177,232,88398,81191,81846,130000,33000,25.38%,42000,32.31%,10000,7.69%,20000,15.38%,19000,14.62%,6000,4.62%,London,South,london_borough
Torbay,615,0.46%,622,0.45%,633,0.45%,-0.01%,134925,136936,141873,6948,169,173,200,31,65236,69610,75083,446,449,433,69689,67326,66790,121000,32000,26.45%,32000,26.45%,15000,12.40%,16000,13.22%,16000,13.22%,10000,8.26%,South West,South,unitary_authority
Hammersmith and Fulham,518,0.31%,532,0.31%,493,0.34%,0.03%,169764,168920,146668,-23096,228,213,174,-54,82403,77765,61189,290,319,319,87361,91155,85479,121000,28000,23.14%,26000,21.49%,13000,10.74%,36000,29.75%,14000,11.57%,4000,3.31%,London,South,london_borough
Thurrock,250,0.16%,276,0.17%,281,0.17%,0.01%,156272,158715,161657,5385,108,116,122,14,77620,77699,76297,142,160,159,78652,81016,85360,120000,21000,17.50%,36000,30.00%,31000,25.83%,18000,15.00%,11000,9.17%,3000,2.50%,East of England,South,unitary_authority
Herefordshire,406,0.23%,413,0.22%,502,0.24%,0.01%,180337,184964,205470,25133,117,122,178,61,87752,91022,109125,289,291,324,92585,93942,96345,120000,4000,3.33%,51000,42.50%,13000,10.83%,42000,35.00%,6000,5.00%,4000,3.33%,West Midlands,North,unitary_authority
Knowsley,517,0.34%,559,0.39%,607,0.39%,0.05%,150734,145162,153911,3177,199,198,227,28,73905,67716,70929,318,361,380,76829,77446,82982,120000,17000,14.17%,33000,27.50%,13000,10.83%,32000,26.67%,21000,17.50%,4000,3.33%,North West,North,metropolitan_borough
Isle of Wight,356,0.25%,415,0.26%,510,0.30%,0.05%,141168,157077,170539,29371,167,208,248,81,71078,80824,85067,189,207,262,70090,76253,85472,120000,24000,20.00%,33000,27.50%,9000,7.50%,24000,20.00%,22000,18.33%,8000,6.67%,South East,South,unitary_authority
Redcar and Cleveland,208,0.15%,235,0.17%,249,0.17%,0.02%,138752,136685,145345,6593,87,83,101,14,68807,65002,70932,121,152,148,69945,71683,74413,119000,40000,33.61%,29000,24.37%,5000,4.20%,19000,15.97%,13000,10.92%,13000,10.92%,North East,North,unitary_authority
Southend on Sea,294,0.18%,319,0.18%,371,0.20%,0.02%,164226,174684,190184,25958,88,80,100,12,80323,84457,91118,206,239,271,83903,90227,99066,119000,26000,21.85%,41000,34.45%,3000,2.52%,30000,25.21%,9000,7.56%,10000,8.40%,East of England,South,unitary_authority
Slough,777,0.61%,773,0.64%,779,0.65%,0.04%,126669,119952,119201,-7468,282,244,254,-28,60826,54710,53960,495,529,525,65843,65242,65241,110000,15000,13.64%,15000,13.64%,16000,14.55%,27000,24.55%,15000,13.64%,22000,20.00%,South East,South,unitary_authority
Windsor and Maidenhead,455,0.32%,485,0.34%,527,0.35%,0.03%,142679,144674,152610,9931,191,191,195,4,70469,70403,73984,264,294,332,72210,74271,78626,110000,33000,30.00%,37000,33.64%,13000,11.82%,11000,10.00%,12000,10.91%,4000,3.64%,South East,South,unitary_authority
Reading,150,0.10%,142,0.10%,156,0.11%,0.01%,150230,141693,141550,-8680,61,61,51,-10,74364,72584,68686,89,81,105,75866,69109,72864,110000,33000,30.00%,30000,27.27%,10000,9.09%,22000,20.00%,6000,5.45%,9000,8.18%,South East,South,unitary_authority
Telford and Wrekin,768,0.47%,849,0.50%,862,0.48%,0.01%,162817,170918,178603,15786,245,256,279,34,79520,81789,85994,523,593,583,83297,89129,92609,110000,14000,12.73%,4000,3.64%,9000,8.18%,49000,44.55%,26000,23.64%,8000,7.27%,West Midlands,North,unitary_authority
North East Lincolnshire,393,0.25%,395,0.24%,456,0.27%,0.02%,158286,162232,168754,10468,151,136,173,22,78082,79475,82979,242,259,283,80204,82757,85775,110000,25000,22.73%,14000,12.73%,7000,6.36%,32000,29.09%,25000,22.73%,7000,6.36%,Yorkshire and the Humber,North,unitary_authority
Wokingham,119,0.07%,146,0.09%,169,0.10%,0.03%,160803,165785,166687,5884,50,70,67,17,78263,85007,80477,69,76,102,82540,80778,86210,109000,20000,18.35%,41000,37.61%,13000,11.93%,19000,17.43%,10000,9.17%,6000,5.50%,South East,South,unitary_authority
Middlesbrough,229,0.16%,230,0.17%,253,0.19%,0.03%,141067,136026,135402,-5665,99,100,113,14,68375,65051,64752,130,130,140,72692,70975,70650,101000,19000,18.81%,33000,32.67%,10000,9.90%,17000,16.83%,13000,12.87%,9000,8.91%,North East,North,unitary_authority
Poole,478,0.34%,533,0.35%,578,0.36%,0.02%,141672,152245,161802,20130,172,217,216,44,69122,77907,80842,306,316,362,72550,74338,80960,100000,16000,16.00%,20000,20.00%,15000,15.00%,38000,38.00%,6000,6.00%,5000,5.00%,South West,South,unitary_authority
Blackpool,583,0.41%,588,0.41%,623,0.42%,0.01%,141571,143438,147545,5974,190,173,196,6,69950,67665,73828,393,415,427,71621,75773,73717,99000,24000,24.24%,19000,19.19%,9000,9.09%,28000,28.28%,10000,10.10%,9000,9.09%,North West,North,unitary_authority
Halton,405,0.34%,441,0.35%,486,0.36%,0.02%,119318,124707,133832,14514,151,154,183,32,58084,59766,64769,254,287,303,61234,64941,69063,99000,31000,31.31%,20000,20.20%,7000,7.07%,21000,21.21%,10000,10.10%,10000,10.10%,North West,North,unitary_authority
Blackburn with Darwen,831,0.59%,818,0.61%,962,0.68%,0.09%,140363,134228,142219,1856,265,265,291,26,69016,67214,68412,566,553,671,71347,67014,73807,91000,15000,16.48%,16000,17.58%,13000,14.29%,21000,23.08%,18000,19.78%,8000,8.79%,North West,North,unitary_authority
Bracknell Forest,185,0.16%,206,0.18%,254,0.22%,0.06%,114787,115658,117708,2921,74,78,99,25,56269,56136,55491,111,128,155,58518,59522,62217,90000,35000,38.89%,25000,27.78%,9000,10.00%,4000,4.44%,13000,14.44%,4000,4.44%,South East,South,unitary_authority
Hartlepool,290,0.32%,317,0.33%,329,0.34%,0.02%,91427,96193,96151,4724,100,120,117,17,44854,46835,46775,190,197,212,46573,49358,49376,89000,37000,41.57%,14000,15.73%,7000,7.87%,17000,19.10%,7000,7.87%,7000,7.87%,North East,North,unitary_authority
Darlington,145,0.14%,167,0.15%,171,0.15%,0.01%,100791,109293,111852,11061,68,76,80,12,49589,55452,54043,77,91,91,51202,53841,57809,79000,18000,22.78%,33000,41.77%,3000,3.80%,12000,15.19%,10000,12.66%,3000,3.80%,North East,North,unitary_authority
Rutland,88,0.23%,102,0.26%,86,0.20%,-0.03%,38363,39872,42952,4589,28,23,26,-2,18940,20307,23196,60,79,60,19423,19565,19756,51000,17000,33.33%,5000,9.80%,8000,15.69%,14000,27.45%,5000,9.80%,2000,3.92%,East Midlands,North,unitary_authority
City of London,16,0.14%,14,0.14%,12,0.15%,0.01%,11378,9838,8107,-3271,5,3,3,-2,5653,4728,4396,11,11,9,5725,5110,3711,50000,12000,24.00%,9000,18.00%,6000,12.00%,20000,40.00%,2000,4.00%,1000,2.00%,London,South,other_london
Isles of Scilly,5,0.23%,1,0.04%,4,0.16%,-0.07%,2200,2385,2440,240,2,0,1,-1,1085,1305,1426,3,1,3,1115,1080,1014,2000,0,0.00%,0,0.00%,0,0.00%,2000,100.00%,0,0.00%,0,0.00%,South West,South,unitary_authority
